Probability,Threads,Time (seconds)
0.010000,64,0.033886
0.020000,64,0.080049
0.050000,64,0.336319
0.010000,32,0.054491
0.020000,32,0.142999
0.050000,32,0.592484
0.010000,16,0.105305
0.020000,16,0.268211
0.050000,16,1.178385
0.010000,8,0.180115
0.020000,8,0.484316
0.050000,8,2.056662
0.010000,4,0.349004
0.020000,4,0.926863
0.050000,4,3.945045
